{"_env":"NODEJS","_serializationMethod":"normal","_autosave":false,"_autosaveInterval":5000,"_collections":[{"name":"items","unindexedSortComparator":"js","defaultLokiOperatorPackage":"js","_dynamicViews":[],"uniqueNames":[],"transforms":{},"rangedIndexes":{},"_data":[{"slug":"hello","description":"Empower your NuxtJS application with @nuxt/content module: write in a content/ directory and fetch your Markdown, JSON, YAML and CSV files through a MongoDB like API, acting as a Git-based Headless CMS.","title":"Getting started","toc":[{"id":"writing-content","depth":2,"text":"Writing content"},{"id":"fetching-content","depth":2,"text":"Fetching content"},{"id":"displaying-content","depth":2,"text":"Displaying content"}],"body":{"type":"root","children":[{"type":"element","tag":"p","props":{},"children":[{"type":"text","value":"Empower your NuxtJS application with "},{"type":"element","tag":"code","props":{},"children":[{"type":"text","value":"@nuxtjs/content"}]},{"type":"text","value":" module: write in a "},{"type":"element","tag":"code","props":{},"children":[{"type":"text","value":"content/"}]},{"type":"text","value":" directory and fetch your Markdown, JSON, YAML and CSV files through a MongoDB like API, acting as a "},{"type":"element","tag":"strong","props":{},"children":[{"type":"text","value":"Git-based Headless CMS"}]},{"type":"text","value":"."}]},{"type":"text","value":"\n"},{"type":"element","tag":"h2","props":{"id":"writing-content"},"children":[{"type":"element","tag":"a","props":{"href":"#writing-content","ariaHidden":"true","tabIndex":-1},"children":[{"type":"element","tag":"span","props":{"className":["icon","icon-link"]},"children":[]}]},{"type":"text","value":"Writing content"}]},{"type":"text","value":"\n"},{"type":"element","tag":"p","props":{},"children":[{"type":"text","value":"Learn how to write your "},{"type":"element","tag":"code","props":{},"children":[{"type":"text","value":"content/"}]},{"type":"text","value":", supporting Markdown, YAML, CSV and JSON: "},{"type":"element","tag":"a","props":{"href":"https://content.nuxtjs.org/writing","rel":["nofollow","noopener","noreferrer"],"target":"_blank"},"children":[{"type":"text","value":"https://content.nuxtjs.org/writing"}]},{"type":"text","value":"."}]},{"type":"text","value":"\n"},{"type":"element","tag":"h2","props":{"id":"fetching-content"},"children":[{"type":"element","tag":"a","props":{"href":"#fetching-content","ariaHidden":"true","tabIndex":-1},"children":[{"type":"element","tag":"span","props":{"className":["icon","icon-link"]},"children":[]}]},{"type":"text","value":"Fetching content"}]},{"type":"text","value":"\n"},{"type":"element","tag":"p","props":{},"children":[{"type":"text","value":"Learn how to fetch your content with "},{"type":"element","tag":"code","props":{},"children":[{"type":"text","value":"$content"}]},{"type":"text","value":": "},{"type":"element","tag":"a","props":{"href":"https://content.nuxtjs.org/fetching","rel":["nofollow","noopener","noreferrer"],"target":"_blank"},"children":[{"type":"text","value":"https://content.nuxtjs.org/fetching"}]},{"type":"text","value":"."}]},{"type":"text","value":"\n"},{"type":"element","tag":"h2","props":{"id":"displaying-content"},"children":[{"type":"element","tag":"a","props":{"href":"#displaying-content","ariaHidden":"true","tabIndex":-1},"children":[{"type":"element","tag":"span","props":{"className":["icon","icon-link"]},"children":[]}]},{"type":"text","value":"Displaying content"}]},{"type":"text","value":"\n"},{"type":"element","tag":"p","props":{},"children":[{"type":"text","value":"Learn how to display your Markdown content with the "},{"type":"element","tag":"code","props":{},"children":[{"type":"text","value":"<nuxt-content>"}]},{"type":"text","value":" component directly in your template: "},{"type":"element","tag":"a","props":{"href":"https://content.nuxtjs.org/displaying","rel":["nofollow","noopener","noreferrer"],"target":"_blank"},"children":[{"type":"text","value":"https://content.nuxtjs.org/displaying"}]},{"type":"text","value":"."}]}]},"text":"\nEmpower your NuxtJS application with `@nuxtjs/content` module: write in a `content/` directory and fetch your Markdown, JSON, YAML and CSV files through a MongoDB like API, acting as a **Git-based Headless CMS**.\n\n## Writing content\n\nLearn how to write your `content/`, supporting Markdown, YAML, CSV and JSON: https://content.nuxtjs.org/writing.\n\n## Fetching content\n\nLearn how to fetch your content with `$content`: https://content.nuxtjs.org/fetching.\n\n## Displaying content\n\nLearn how to display your Markdown content with the `<nuxt-content>` component directly in your template: https://content.nuxtjs.org/displaying.","dir":"/","path":"/hello","extension":".md","createdAt":"2022-01-02T03:50:07.824Z","updatedAt":"2022-01-02T03:50:07.824Z","meta":{"version":0,"revision":0,"created":1642046261178},"$loki":1}],"idIndex":[1],"maxId":1,"_dirty":true,"_nestedProperties":[],"transactional":false,"asyncListeners":false,"disableMeta":false,"disableChangesApi":true,"disableDeltaChangesApi":true,"cloneObjects":false,"cloneMethod":"deep","changes":[],"_fullTextSearch":{"ii":{"title":{"_store":true,"_optimizeChanges":true,"docCount":1,"docStore":[[0,{"fieldLength":2}]],"totalFieldLength":2,"root":{"k":[103,115],"v":[{"k":[101],"v":[{"k":[116],"v":[{"k":[116],"v":[{"k":[105],"v":[{"k":[110],"v":[{"k":[103],"v":[{"d":{"df":1,"dc":[[0,1]]}}]}]}]}]}]}]},{"k":[116],"v":[{"k":[97],"v":[{"k":[114],"v":[{"k":[116],"v":[{"k":[101],"v":[{"k":[100],"v":[{"d":{"df":1,"dc":[[0,1]]}}]}]}]}]}]}]}]}},"description":{"_store":true,"_optimizeChanges":true,"docCount":1,"docStore":[[0,{"fieldLength":32}]],"totalFieldLength":32,"root":{"k":[101,121,110,97,119,64,109,105,99,100,102,106,116,108,103,104],"v":[{"k":[109],"v":[{"k":[112],"v":[{"k":[111],"v":[{"k":[119],"v":[{"k":[101],"v":[{"k":[114],"v":[{"d":{"df":1,"dc":[[0,1]]}}]}]}]}]}]}]},{"k":[111,97],"v":[{"k":[117],"v":[{"k":[114],"v":[{"d":{"df":1,"dc":[[0,2]]}}]}]},{"k":[109],"v":[{"k":[108],"v":[{"d":{"df":1,"dc":[[0,1]]}}]}]}]},{"k":[117],"v":[{"k":[120],"v":[{"k":[116],"v":[{"k":[106],"v":[{"k":[115],"v":[{"d":{"df":1,"dc":[[0,1]]}}]}]}]}]}]},{"d":{"df":1,"dc":[[0,3]]},"k":[112,110,99,115],"v":[{"k":[112,105],"v":[{"k":[108],"v":[{"k":[105],"v":[{"k":[99],"v":[{"k":[97],"v":[{"k":[116],"v":[{"k":[105],"v":[{"k":[111],"v":[{"k":[110],"v":[{"d":{"df":1,"dc":[[0,1]]}}]}]}]}]}]}]}]}]},{"k":[44],"v":[{"d":{"df":1,"dc":[[0,1]]}}]}]},{"k":[100],"v":[{"d":{"df":1,"dc":[[0,2]]}}]},{"k":[116],"v":[{"k":[105],"v":[{"k":[110],"v":[{"k":[103],"v":[{"d":{"df":1,"dc":[[0,1]]}}]}]}]}]},{"d":{"df":1,"dc":[[0,1]]}}]},{"k":[105,114],"v":[{"k":[116],"v":[{"k":[104],"v":[{"d":{"df":1,"dc":[[0,1]]}}]}]},{"k":[105],"v":[{"k":[116],"v":[{"k":[101],"v":[{"d":{"df":1,"dc":[[0,1]]}}]}]}]}]},{"k":[110],"v":[{"k":[117],"v":[{"k":[120],"v":[{"k":[116],"v":[{"k":[47],"v":[{"k":[99],"v":[{"k":[111],"v":[{"k":[110],"v":[{"k":[116],"v":[{"k":[101],"v":[{"k":[110],"v":[{"k":[116],"v":[{"d":{"df":1,"dc":[[0,1]]}}]}]}]}]}]}]}]}]}]}]}]}]},{"k":[111,97],"v":[{"k":[100,110],"v":[{"k":[117],"v":[{"k":[108],"v":[{"k":[101],"v":[{"k":[58],"v":[{"d":{"df":1,"dc":[[0,1]]}}]}]}]}]},{"k":[103],"v":[{"k":[111],"v":[{"k":[100],"v":[{"k":[98],"v":[{"d":{"df":1,"dc":[[0,1]]}}]}]}]}]}]},{"k":[114],"v":[{"k":[107],"v":[{"k":[100],"v":[{"k":[111],"v":[{"k":[119],"v":[{"k":[110],"v":[{"k":[44],"v":[{"d":{"df":1,"dc":[[0,1]]}}]}]}]}]}]}]}]}]},{"k":[110],"v":[{"d":{"df":1,"dc":[[0,1]]}}]},{"k":[111,115,109],"v":[{"k":[110],"v":[{"k":[116],"v":[{"k":[101],"v":[{"k":[110],"v":[{"k":[116],"v":[{"k":[47],"v":[{"d":{"df":1,"dc":[[0,1]]}}]}]}]}]}]}]},{"k":[118],"v":[{"d":{"df":1,"dc":[[0,1]]}}]},{"k":[115],"v":[{"k":[46],"v":[{"d":{"df":1,"dc":[[0,1]]}}]}]}]},{"k":[105],"v":[{"k":[114],"v":[{"k":[101],"v":[{"k":[99],"v":[{"k":[116],"v":[{"k":[111],"v":[{"k":[114],"v":[{"k":[121],"v":[{"d":{"df":1,"dc":[[0,1]]}}]}]}]}]}]}]}]}]},{"k":[101,105],"v":[{"k":[116],"v":[{"k":[99],"v":[{"k":[104],"v":[{"d":{"df":1,"dc":[[0,1]]}}]}]}]},{"k":[108],"v":[{"k":[101],"v":[{"k":[115],"v":[{"d":{"df":1,"dc":[[0,1]]}}]}]}]}]},{"k":[115],"v":[{"k":[111],"v":[{"k":[110],"v":[{"k":[44],"v":[{"d":{"df":1,"dc":[[0,1]]}}]}]}]}]},{"k":[104],"v":[{"k":[114],"v":[{"k":[111],"v":[{"k":[117],"v":[{"k":[103],"v":[{"k":[104],"v":[{"d":{"df":1,"dc":[[0,1]]}}]}]}]}]}]}]},{"k":[105],"v":[{"k":[107],"v":[{"k":[101],"v":[{"d":{"df":1,"dc":[[0,1]]}}]}]}]},{"k":[105],"v":[{"k":[116],"v":[{"k":[45],"v":[{"k":[98],"v":[{"k":[97],"v":[{"k":[115],"v":[{"k":[101],"v":[{"k":[100],"v":[{"d":{"df":1,"dc":[[0,1]]}}]}]}]}]}]}]}]}]},{"k":[101],"v":[{"k":[97],"v":[{"k":[100],"v":[{"k":[108],"v":[{"k":[101],"v":[{"k":[115],"v":[{"k":[115],"v":[{"d":{"df":1,"dc":[[0,1]]}}]}]}]}]}]}]}]}]}},"slug":{"_store":true,"_optimizeChanges":true,"docCount":1,"docStore":[[0,{"fieldLength":1}]],"totalFieldLength":1,"root":{"k":[104],"v":[{"k":[101],"v":[{"k":[108],"v":[{"k":[108],"v":[{"k":[111],"v":[{"d":{"df":1,"dc":[[0,1]]}}]}]}]}]}]}},"text":{"_store":true,"_optimizeChanges":true,"docCount":1,"docStore":[[0,{"fieldLength":79}]],"totalFieldLength":79,"root":{"k":[101,121,110,97,119,96,109,105,100,102,106,99,116,108,42,104,35,115],"v":[{"k":[109],"v":[{"k":[112],"v":[{"k":[111],"v":[{"k":[119],"v":[{"k":[101],"v":[{"k":[114],"v":[{"d":{"df":1,"dc":[[0,1]]}}]}]}]}]}]}]},{"k":[111,97],"v":[{"k":[117],"v":[{"k":[114],"v":[{"d":{"df":1,"dc":[[0,6]]}}]}]},{"k":[109],"v":[{"k":[108],"v":[{"d":{"df":1,"dc":[[0,1]]},"k":[44],"v":[{"d":{"df":1,"dc":[[0,1]]}}]}]}]}]},{"k":[117],"v":[{"k":[120],"v":[{"k":[116],"v":[{"k":[106],"v":[{"k":[115],"v":[{"d":{"df":1,"dc":[[0,1]]}}]}]}]}]}]},{"d":{"df":1,"dc":[[0,3]]},"k":[112,110,99,115],"v":[{"k":[112,105],"v":[{"k":[108],"v":[{"k":[105],"v":[{"k":[99],"v":[{"k":[97],"v":[{"k":[116],"v":[{"k":[105],"v":[{"k":[111],"v":[{"k":[110],"v":[{"d":{"df":1,"dc":[[0,1]]}}]}]}]}]}]}]}]}]},{"k":[44],"v":[{"d":{"df":1,"dc":[[0,1]]}}]}]},{"k":[100],"v":[{"d":{"df":1,"dc":[[0,3]]}}]},{"k":[116],"v":[{"k":[105],"v":[{"k":[110],"v":[{"k":[103],"v":[{"d":{"df":1,"dc":[[0,1]]}}]}]}]}]},{"d":{"df":1,"dc":[[0,1]]}}]},{"k":[105,114],"v":[{"k":[116],"v":[{"k":[104],"v":[{"d":{"df":1,"dc":[[0,3]]}}]}]},{"k":[105],"v":[{"k":[116],"v":[{"k":[101,105],"v":[{"d":{"df":1,"dc":[[0,2]]}},{"k":[110],"v":[{"k":[103],"v":[{"d":{"df":1,"dc":[[0,1]]}}]}]}]}]}]}]},{"k":[64,99,36,60],"v":[{"k":[110],"v":[{"k":[117],"v":[{"k":[120],"v":[{"k":[116],"v":[{"k":[106],"v":[{"k":[115],"v":[{"k":[47],"v":[{"k":[99],"v":[{"k":[111],"v":[{"k":[110],"v":[{"k":[116],"v":[{"k":[101],"v":[{"k":[110],"v":[{"k":[116],"v":[{"k":[96],"v":[{"d":{"df":1,"dc":[[0,1]]}}]}]}]}]}]}]}]}]}]}]}]}]}]}]}]},{"k":[111],"v":[{"k":[110],"v":[{"k":[116],"v":[{"k":[101],"v":[{"k":[110],"v":[{"k":[116],"v":[{"k":[47],"v":[{"k":[96],"v":[{"d":{"df":1,"dc":[[0,1]]},"k":[44],"v":[{"d":{"df":1,"dc":[[0,1]]}}]}]}]}]}]}]}]}]}]},{"k":[99],"v":[{"k":[111],"v":[{"k":[110],"v":[{"k":[116],"v":[{"k":[101],"v":[{"k":[110],"v":[{"k":[116],"v":[{"k":[96],"v":[{"k":[58],"v":[{"d":{"df":1,"dc":[[0,1]]}}]}]}]}]}]}]}]}]}]},{"k":[110],"v":[{"k":[117],"v":[{"k":[120],"v":[{"k":[116],"v":[{"k":[45],"v":[{"k":[99],"v":[{"k":[111],"v":[{"k":[110],"v":[{"k":[116],"v":[{"k":[101],"v":[{"k":[110],"v":[{"k":[116],"v":[{"k":[62],"v":[{"k":[96],"v":[{"d":{"df":1,"dc":[[0,1]]}}]}]}]}]}]}]}]}]}]}]}]}]}]}]}]},{"k":[111,97],"v":[{"k":[100,110],"v":[{"k":[117],"v":[{"k":[108],"v":[{"k":[101],"v":[{"k":[58],"v":[{"d":{"df":1,"dc":[[0,1]]}}]}]}]}]},{"k":[103],"v":[{"k":[111],"v":[{"k":[100],"v":[{"k":[98],"v":[{"d":{"df":1,"dc":[[0,1]]}}]}]}]}]}]},{"k":[114],"v":[{"k":[107],"v":[{"k":[100],"v":[{"k":[111],"v":[{"k":[119],"v":[{"k":[110],"v":[{"d":{"df":1,"dc":[[0,1]]},"k":[44],"v":[{"d":{"df":1,"dc":[[0,2]]}}]}]}]}]}]}]}]}]},{"k":[110],"v":[{"d":{"df":1,"dc":[[0,2]]}}]},{"k":[105],"v":[{"k":[114,115],"v":[{"k":[101],"v":[{"k":[99],"v":[{"k":[116],"v":[{"k":[111,108],"v":[{"k":[114],"v":[{"k":[121],"v":[{"d":{"df":1,"dc":[[0,1]]}}]}]},{"k":[121],"v":[{"d":{"df":1,"dc":[[0,1]]}}]}]}]}]}]},{"k":[112],"v":[{"k":[108],"v":[{"k":[97],"v":[{"k":[121],"v":[{"d":{"df":1,"dc":[[0,1]]},"k":[105],"v":[{"k":[110],"v":[{"k":[103],"v":[{"d":{"df":1,"dc":[[0,1]]}}]}]}]}]}]}]}]}]}]},{"k":[101,105],"v":[{"k":[116],"v":[{"k":[99],"v":[{"k":[104],"v":[{"d":{"df":1,"dc":[[0,2]]},"k":[105],"v":[{"k":[110],"v":[{"k":[103],"v":[{"d":{"df":1,"dc":[[0,1]]}}]}]}]}]}]}]},{"k":[108],"v":[{"k":[101],"v":[{"k":[115],"v":[{"d":{"df":1,"dc":[[0,1]]}}]}]}]}]},{"k":[115],"v":[{"k":[111],"v":[{"k":[110],"v":[{"k":[44,58],"v":[{"d":{"df":1,"dc":[[0,1]]}},{"d":{"df":1,"dc":[[0,1]]}}]}]}]}]},{"k":[115,109,111],"v":[{"k":[118],"v":[{"d":{"df":1,"dc":[[0,2]]}}]},{"k":[115],"v":[{"k":[42],"v":[{"k":[42],"v":[{"k":[46],"v":[{"d":{"df":1,"dc":[[0,1]]}}]}]}]}]},{"k":[110,109],"v":[{"k":[116],"v":[{"k":[101],"v":[{"k":[110],"v":[{"k":[116],"v":[{"d":{"df":1,"dc":[[0,5]]}}]}]}]}]},{"k":[112],"v":[{"k":[111],"v":[{"k":[110],"v":[{"k":[101],"v":[{"k":[110],"v":[{"k":[116],"v":[{"d":{"df":1,"dc":[[0,1]]}}]}]}]}]}]}]}]}]},{"k":[104,111,101],"v":[{"k":[114,101],"v":[{"k":[111],"v":[{"k":[117],"v":[{"k":[103],"v":[{"k":[104],"v":[{"d":{"df":1,"dc":[[0,1]]}}]}]}]}]},{"d":{"df":1,"dc":[[0,1]]}}]},{"d":{"df":1,"dc":[[0,3]]}},{"k":[109],"v":[{"k":[112],"v":[{"k":[108],"v":[{"k":[97],"v":[{"k":[116],"v":[{"k":[101],"v":[{"k":[58],"v":[{"d":{"df":1,"dc":[[0,1]]}}]}]}]}]}]}]}]}]},{"k":[105,101],"v":[{"k":[107],"v":[{"k":[101],"v":[{"d":{"df":1,"dc":[[0,1]]}}]}]},{"k":[97],"v":[{"k":[114],"v":[{"k":[110],"v":[{"d":{"df":1,"dc":[[0,3]]}}]}]}]}]},{"k":[42],"v":[{"k":[103],"v":[{"k":[105],"v":[{"k":[116],"v":[{"k":[45],"v":[{"k":[98],"v":[{"k":[97],"v":[{"k":[115],"v":[{"k":[101],"v":[{"k":[100],"v":[{"d":{"df":1,"dc":[[0,1]]}}]}]}]}]}]}]}]}]}]}]},{"k":[101,111,116],"v":[{"k":[97],"v":[{"k":[100],"v":[{"k":[108],"v":[{"k":[101],"v":[{"k":[115],"v":[{"k":[115],"v":[{"d":{"df":1,"dc":[[0,1]]}}]}]}]}]}]}]},{"k":[119],"v":[{"d":{"df":1,"dc":[[0,3]]}}]},{"k":[116],"v":[{"k":[112],"v":[{"k":[115],"v":[{"k":[58],"v":[{"k":[47],"v":[{"k":[47],"v":[{"k":[99],"v":[{"k":[111],"v":[{"k":[110],"v":[{"k":[116],"v":[{"k":[101],"v":[{"k":[110],"v":[{"k":[116],"v":[{"k":[46],"v":[{"k":[110],"v":[{"k":[117],"v":[{"k":[120],"v":[{"k":[116],"v":[{"k":[106],"v":[{"k":[115],"v":[{"k":[46],"v":[{"k":[111],"v":[{"k":[114],"v":[{"k":[103],"v":[{"k":[47],"v":[{"k":[119,102,100],"v":[{"k":[114],"v":[{"k":[105],"v":[{"k":[116],"v":[{"k":[105],"v":[{"k":[110],"v":[{"k":[103],"v":[{"k":[46],"v":[{"d":{"df":1,"dc":[[0,1]]}}]}]}]}]}]}]}]},{"k":[101],"v":[{"k":[116],"v":[{"k":[99],"v":[{"k":[104],"v":[{"k":[105],"v":[{"k":[110],"v":[{"k":[103],"v":[{"k":[46],"v":[{"d":{"df":1,"dc":[[0,1]]}}]}]}]}]}]}]}]}]},{"k":[105],"v":[{"k":[115],"v":[{"k":[112],"v":[{"k":[108],"v":[{"k":[97],"v":[{"k":[121],"v":[{"k":[105],"v":[{"k":[110],"v":[{"k":[103],"v":[{"k":[46],"v":[{"d":{"df":1,"dc":[[0,1]]}}]}]}]}]}]}]}]}]}]}]}]}]}]}]}]}]}]}]}]}]}]}]}]}]}]}]}]}]}]}]}]}]}]}]}]}]}]},{"k":[35],"v":[{"d":{"df":1,"dc":[[0,3]]}}]},{"k":[117],"v":[{"k":[112],"v":[{"k":[112],"v":[{"k":[111],"v":[{"k":[114],"v":[{"k":[116],"v":[{"k":[105],"v":[{"k":[110],"v":[{"k":[103],"v":[{"d":{"df":1,"dc":[[0,1]]}}]}]}]}]}]}]}]}]}]}]}}}}}],"databaseVersion":1.5,"engineVersion":1.5,"filename":"content.db","_persistenceAdapter":null,"_persistenceMethod":null,"_throttledSaves":true}